eco_id	eco_name	title	slug
135	Admiralty Islands lowland rain forests		
218	Andaman Islands rain forests		
443	Bahia interior forests		
137	Biak-Numfoor rain forests		
219	Borneo lowland rain forests		
220	Borneo montane rain forests		
138	Buru rain forests		
223	Cardamom Mountains rain forests		
139	Central Range Papuan montane rain forests		
456	Cordillera La Costa montane forests		
332	East Central Texas forests		
333	Eastern Canadian Forest-Boreal transition		
373	Eastern Canadian forests		
229	Eastern Java-Bali montane rain forests		
230	Eastern Java-Bali rain forests		
199	Eyre and York mallee		
231	Greater Negros-Panay rain forests		
232	Hainan Island monsoon rain forests		
140	Halmahera rain forests		
141	Huon Peninsula montane rain forests		
416	Interior Yukon-Alaska alpine tundra		
237	Kayah-Karen montane rain forests		
143	Louisiade Archipelago rain forests		
239	Luang Prabang montane rain forests		
240	Luzon montane rain forests		
241	Luzon rain forests		
479	Marañón dry forests		
245	Mentawai Islands rain forests		
246	Mindanao montane rain forests		
247	Mindanao-Eastern Visayas rain forests		
248	Mindoro rain forests		
249	Mizoram-Manipur-Kachin rain forests		
250	Myanmar coastal rain forests		
144	New Britain-New Ireland lowland rain forests		
145	New Britain-New Ireland montane rain forests		
146	New Caledonia rain forests		
252	Nicobar Islands rain forests		
833	North Saharan Xeric Steppe and Woodland		
254	North Western Ghats montane rain forests		
702	Northeast Himalayan subalpine conifer forests		
799	Northeast Spain and Southern France Mediterranean forests		
255	Northern Annamites rain forests		
149	Northern New Guinea montane rain forests		
260	Northern Vietnam lowland rain forests		
704	Nujiang Langcang Gorge alpine conifer and mixed forests		
262	Palawan rain forests		
490	Pantepui forests & shrublands		
606	Paraguaná xeric scrub		
263	Peninsular Malaysian montane rain forests		
265	Peninsular Malaysian rain forests		
363	Piney Woods		
365	Queen Charlotte Islands conifer forests		
150	Queensland tropical rain forests		
628	Rapa Nui and Sala y Gómez subtropical forests		
0	Rock and Ice		
745	Saharan halophytics		
425	Santa Lucia Montane Chaparral & Woodlands		
151	Seram rain forests		
54	Serengeti volcanic grasslands		
152	Solomon Islands rain forests		
269	South Taiwan monsoon rain forests		
271	South Western Ghats montane rain forests		
803	Southeast Iberian shrubs and woodlands		
299	Southeast Indochina dry evergreen forests		
153	Southeast Papuan rain forests		
400	Southeast US mixed woodlands and savannas		
272	Southern Annamites montane rain forests		
155	Southern New Guinea lowland rain forests		
274	Sri Lanka lowland rain forests		
275	Sri Lanka montane rain forests		
156	Sulawesi lowland rain forests		
157	Sulawesi montane rain forests		
276	Sulu Archipelago rain forests		
278	Sumatran lowland rain forests		
279	Sumatran montane rain forests		
179	Tasmanian temperate rain forests		
284	Tenasserim-South Thailand semi-evergreen rain forests		
215	Tirari-Sturt stony desert		
548	Trinidad and Tobago dry forest		
158	Trobriand Islands rain forests		
159	Vanuatu rain forests		
160	Vogelkop montane rain forests		
161	Vogelkop-Aru lowland rain forests		
288	Western Java montane rain forests		
289	Western Java rain forests		
162	Yapen rain forests		
551	Yucatán dry forests		
519	Yucatán moist forests		
