id_no	wh_name	wiki_title	wiki_pageid	wiki_url	wiki_lead
668	Angkor	Angkor	89811	https://en.wikipedia.org/wiki/Angkor	"Angkor (Khmer: ·û¢·ûÑ·üí·ûÇ·ûö [ î…ë≈ãk…îÀê], lit. 'capital city'), also known as Yasodharapura (Khmer: ·ûô·ûü·üÑ·ûí·ûö·ûî·ûª·ûö·üà; Sanskrit: ‡§Ø‡§∂‡•ã‡§ß‡§∞‡§™‡•Å‡§∞), was the capital city of the Khmer Empire, located in present-day Cambodia. The city and empire flourished from approximately the 9th to the 15th centuries. The city houses the Angkor Wat, a temple complex that is one of Cambodia's most popular tourist attractions. The name Angkor is derived from nokor (·ûì·ûÇ·ûö), a Khmer word meaning ""kingdom"" which in turn derived from Sanskrit nagara (‡§®‡§ó‡§∞), meaning ""city"". The Angkorian period began in AD 802, when the Khmer Hindu monarch Jayavarman II declared himself a ""universal monarch"" and ""god-king"", and lasted until the late 14th century, first falling under Ayutthayan suzerainty in 1351. A Khmer rebellion against Siamese authority resulted in the 1431 sacking of Angkor by Ayutthaya, causing its population to migrate south to Longvek. The alternate name, Yasodharapura, was derived from the name of the foster mother of Lord Krishna in Hinduism. Hinduism was the largest religion in the ancient Khmer Empire, and many temples were constructed by Khmer kings dedicated to Hindu deities, including Angkor Wat. The ruins of Angkor are located amid forests and farmland north of the Great Lake (Tonl√© Sap) and south of the Kulen Hills, near modern-day Siem Reap city (13¬∞24‚Ä≤N, 103¬∞51‚Ä≤E), in Siem Reap Province. The temples of the Angkor area number over one thousand, ranging in scale from nondescript piles of brick rubble scattered through rice fields to the Angkor Wat, said to be the world's largest single religious monument. Many of the temples at Angkor have been restored, and together, they comprise the most significant site of Khmer architecture. Visitors approach two million annually, and the entire expanse, including Angkor Wat and Angkor Thom is collectively protected as a UNESCO World Heritage Site. The popularity of the site among tourists presents multiple challenges to the preservation of the ruins. In 2007, an international team of researchers using satellite photographs and other modern techniques concluded that Angkor had been the largest pre-industrial city in the world by surface area, with an elaborate infrastructure system connecting an urban sprawl of at least 1,000 square kilometres (390 sq mi) to the well-known temples at its core. Angkor is considered to be a ""hydraulic city"" because it had a complicated water management network, which was used for systematically stabilizing, storing, and dispersing water throughout the area. This network is believed to have been used for irrigation in order to offset the unpredictable monsoon season and to also support the increasing population. Although the size of its population remains a topic of research and debate, newly identified agricultural systems in the Angkor area may have supported between 750,000 and one million people. Historical overview [ edit ] South gate into Angkor Thom The east gate or ""exit"" of Angkor Wat Angkor Wat at sunrise Seat of the Khmer Empire [ edit ] The Angkorian period may have begun shortly after 800&#160;AD, when the Khmer King Jayavarman II announced the independence of Kambujadesa ( Cambodia ) from Java . According to Sdok Kok Thom inscription , &#91; 1 &#93; &#91; 2 &#93; circa 781 Indrapura was the first capital of Jayavarman II , located in Banteay Prei Nokor , near today's Kompong Cham . &#91; 3 &#93; After he eventually returned to his home, the former kingdom of Chenla"
198	Cahokia Mounds State Historic Site	Cahokia	348454	https://en.wikipedia.org/wiki/Cahokia	The Cahokia Mounds (also simply known as Cahokia) (11 MS 2) is the site of a Native American city (which existed c. 1050‚Äì1350 CE) directly across the Mississippi River from present-day St. Louis. The state archaeology park lies in south-western Illinois between East St. Louis and Collinsville. The park covers 2,200 acres (890 ha), or about 3.5 square miles (9 km2), and contains about 80 manmade mounds, but the ancient city was much larger. At its apex around 1100 CE, the city covered about 6 square miles (16 km2), included about 120 earthworks in a wide range of sizes, shapes, and functions, and had a population of between 15,000 and 20,000 people. Cahokia was the largest and most influential urban settlement of the Mississippian culture, which developed advanced societies across much of what is now the Central and the Southeastern United States, beginning around 1000 CE. Today, the Cahokia Mounds are considered to be the largest and most complex archaeological site north of the great pre-Columbian cities in Mexico. The city's original name is unknown. The mounds were later named after the Cahokia tribe, a historic Illiniwek people living in the area when the first French explorers arrived in the 17th century. As this was centuries after Cahokia was abandoned by its original inhabitants, the Cahokia tribe was not necessarily descended from the earlier Mississippian-era people. Most likely, multiple indigenous ethnic groups settled in the Cahokia Mounds area during the time of the city's apex. Cahokia Mounds is a National Historic Landmark and a designated site for state protection. It is also one of the 26 UNESCO World Heritage Sites within the United States. The largest pre-Columbian earthen construction in the Americas north of Mexico, the site is open to the public and administered by the Illinois Historic Preservation Division and supported by the Cahokia Mounds Museum Society. In celebration of the 2018 Illinois state bicentennial, the Cahokia Mounds were selected as one of the Illinois 200 Great Places by the American Institute of Architects Illinois component (AIA Illinois). It was recognized by USA Today Travel magazine, as one of the selections for 'Illinois 25 Must See Places'. Although some evidence exists of occupation during the Late Archaic period (around 1200 BCE) in and around the site, &#91; 1 &#93; Cahokia as it is now defined was settled around 600 CE during the Late Woodland period . Mound building at this location began with the emergent Mississippian cultural period, around the 9th century CE. &#91; 2 &#93; The inhabitants left no written records beyond symbols on pottery, marine shell, copper, wood, and stone , but the evidence of elaborately planned community, woodhenge , mounds, and burials later in time reveal a complex and sophisticated society. &#91; 3 &#93; Cahokia became the most important center for the Mississippian culture . This culture was expressed in settlements that ranged along major waterways across what is now the Midwest , Eastern , and Southeastern United States. Cahokia was located in a strategic position near the confluence of the Mississippi , Missouri , and Illinois Rivers . It maintained trade links with communities as far away as the Great Lakes to the north and the Gulf Coast to
243	Ellora Caves	Ellora Caves	404247	https://en.wikipedia.org/wiki/Ellora_Caves	"The Ellora Caves are a UNESCO World Heritage Site in Aurangabad, India. It is one of the largest rock-cut cave complexes in the world, with artwork dating from AD 600‚Äì1000, including Hindu, Buddhist, and Jain caves. The complex is a leading example of Indian rock-cut architecture, and several are not strictly ""caves"" in that they have no roof. Cave 16 features the largest single monolithic rock excavation in the world, the Kailash temple, a chariot-shaped monument dedicated to the god Shiva. The Kailash temple excavation also features sculptures depicting various Hindu deities as well as relief panels summarizing the two major Hindu epics. There are over 100 caves at the site, all excavated from the basalt cliffs in the Charanandri Hills, 34 of which are open to public. These consist of 17 Hindu (caves 13‚Äì29), 12 Buddhist (caves 1‚Äì12) and 5 Jain (caves 30‚Äì34) caves, each group representing deities and mythologies prevalent in the 1st millennium CE, as well as monasteries of each respective religion. They were built close to one another and illustrate the religious harmony that existed in ancient India. All of the Ellora monuments were built during the Rashtrakuta dynasty (r. 753-982 AD), which constructed part of the Hindu and Buddhist caves, and the Yadava dynasty (c. 1187‚Äì1317), which constructed a number of the Jain caves. Funding for the construction of the monuments was provided by royals, traders and the wealthy of the region. Although the caves served as temples and a rest stop for pilgrims, the site's location on an ancient South Asian trade route also made it an important commercial centre in the Deccan region. It is 29 km (18 mi) northwest of Aurangabad and about 300 km (190 mi) east-northeast of Mumbai. Today, the Ellora Caves, along with the nearby Ajanta Caves, are a major tourist attraction in the Marathwada region of Maharashtra and a protected monument under the Archaeological Survey of India (ASI)."
1572	G√∂bekli Tepe	G√∂bekli Tepe	515395	https://en.wikipedia.org/wiki/G%C3%B6bekli_Tepe	"G√∂bekli Tepe (Turkish pronunciation: […ü≈ìbecÀàli teÀàpe] 'Potbelly Hill'; Kurdish: Gir√™ Mirazan or Xerabre≈ük√™, 'Wish Hill') is an archaeological site from the New Stone Age, in the Turkish part of Upper Mesopotamia. The settlement was inhabited from around 9500 BCE to at least 8000 BCE, during the Pre-Pottery Neolithic. It is known for its circular structures that contain large stone pillars ‚Äì among the world's oldest known megaliths. Many of these pillars are decorated with anthropomorphic details, clothing, and sculptural reliefs of wild animals, providing archaeologists insights into prehistoric religion and the iconography of the period. The 15 m (50 ft) high, 8 ha (20-acre) tell is covered with ancient domestic structures and other small buildings, quarries, and stone-cut cisterns from the Neolithic, as well as some traces of activity from later periods. The site was first used at the dawn of the southwest Asian Neolithic period, which marked the appearance of the oldest permanent human settlements anywhere in the world. Prehistorians link this Neolithic Revolution to the advent of agriculture but disagree on whether farming caused people to settle down or vice versa. G√∂bekli Tepe, a monumental complex built on a rocky mountaintop with no clear evidence of agricultural cultivation, has played a prominent role in this debate. Recent findings suggest a settlement at G√∂bekli Tepe, with domestic structures, extensive cereal processing, a water supply, and tools associated with daily life. This contrasts with a previous interpretation of the site as a sanctuary used by nomads, with few or no permanent inhabitants. No definitive purpose has been determined for the megalithic structures, which have been popularly described as the ""world's first temple[s]"". They were likely roofed and appear to have regularly collapsed, been inundated by landslides, and subsequently repaired or rebuilt. The architecture and iconography are similar to other contemporary sites in the vicinity, such as Karahan Tepe. The site was first noted in a 1963 archaeological survey. German archaeologist Klaus Schmidt recognised its significance in 1994 and began excavations there the following year. After he died in 2014, work continued as a joint project of Istanbul University, ≈ûanlƒ±urfa Museum, and the German Archaeological Institute, under the direction of Turkish prehistorian Necmi Karul. G√∂bekli Tepe was designated a UNESCO World Heritage Site in 2018, recognising its outstanding universal value as ""one of the first manifestations of human-made monumental architecture"". As of 2021, around 10% of the site has been excavated. Additional areas were examined by geophysical surveys, which showed the mound to contain at least 20 large enclosures."
158	Head-Smashed-In Buffalo Jump	Head-Smashed-In Buffalo Jump	246939	https://en.wikipedia.org/wiki/Head-Smashed-In_Buffalo_Jump	"Head-Smashed-In Buffalo Jump (Blackfoot: Estipah-skikikini-kots) is a museum of Blackfoot culture 18 km (11 mi) west of Fort Macleod, Alberta, Canada. The now disused buffalo jump is a UNESCO world heritage site in an area where the foothills of the Rocky Mountains begin to rise from the prairie. Joe Crowshoe Sr. (1903‚Äì1999) ‚Äì Aapohsoy‚Äôyiis (Weasel Tail) ‚Äì a ceremonial elder of the Piikani Nation in southern Alberta, was instrumental in the development of the site. The Joe Crow Shoe Sr. Lodge is dedicated to his memory. He dedicated his life to preserving Aboriginal culture and promoting the relationship between Aboriginal and non-aboriginal people and in 1998 was awarded the National Aboriginal Achievement Award for ""saving the knowledge and practices of the Blackfoot people."" History [ edit ] The buffalo jump was used for 5,500 years by the indigenous peoples of the plains to kill bison by driving them off the 11-metre-high (36-foot) cliff. Before the late introduction of horses, the Blackfoot drove the bison from a grazing area in the Porcupine Hills about 3 kilometres (1.9&#160;mi) west of the site to the ""drive lanes"", lined by hundreds of cairns , by dressing up as coyotes and wolves. These specialized ""buffalo runners"" were young men trained in animal behavior to guide the bison into the drive lanes. Then, at full gallop, the bison would fall from the weight of the herd pressing behind them, breaking their legs and rendering them immobile. The cliff itself is about 300 metres (980 feet) long, and at its highest point drops 10 metres (33 feet) into the valley below. The site was in use at least 6,000 years ago, and the bone deposits are 12 metres (39 feet) deep. After falling off the cliff, the injured bison were finished off by other Blackfoot warriors at the cliff base armed with spears and clubs. The carcasses were then processed at a nearby camp. The camp at the foot of the cliffs provided the people with everything they needed to process a bison carcass, including fresh water. The bison carcass was used for a variety of purposes, from tools made from the bone, to the hide used to make dwellings and clothing. The importance of the site goes beyond just providing food and supplies. After a successful hunt, the wealth of food allowed the people to enjoy leisure time and pursue artistic and spiritual interests. This increased the cultural complexity of the society. In Blackfoot , the name for the site is Estipah-skikikini-kots . According to legend, a young Blackfoot wanted to watch the bison plunge off the cliff from below, but was buried underneath the falling animals. He was later found dead under the pile of carcasses, where he had his head smashed in. &#91; 1 &#93; World Heritage Site [ edit ] Head-Smashed-In was abandoned in the 19th century after European contact. The site was first recorded by Europeans in the 1880s, and first excavated by the American Museum of Natural History in 1938. It was designated a National Historic Site in 1968, a Provincial Historic Site in 1979, and finally a World Heritage Site in 1981 for its testimony of prehistoric life and the customs of aboriginal people.
822	Historic Centre (Old Town) of Tallinn	Tallinn Old Town	63560550	https://en.wikipedia.org/wiki/Tallinn_Old_Town	Tallinn Old Town (Estonian: Tallinna vanalinn) is the oldest part of Tallinn, Estonia. Old Town of Tallinn has managed to wholly preserve its structure of medieval and Hanseatic origin. Old Town represents an exceptionally intact 13th century city plan. Since 1997, the area has been registered in the UNESCO World Heritage List. The old town is bordered by the Walls of Tallinn. Its area is 113 ha and there is a buffer zone of 2,253 ha. The majority of the Old Town's structures were built during the 13th‚Äì16th centuries. During World War II, while the German army occupied Estonia in 1941‚Äì1944, Tallinn Old Town suffered from several instances of aerial bombing by the Soviet air force. During the most destructive Soviet bombing raid on 9‚Äì10 March 1944, over a thousand incendiary bombs were dropped on Tallinn, causing widespread fires, destroying about 10% of the buildings in the Old Town, killing hundreds, and leaving over 20,000 people without shelter. From the 13th century until the first half of the 20th century, Tallinn was known in most of the world by variants of its other historical name Reval. The first archaeological traces of a small hunter-fisherman community's presence in what is now Tallinn's city centre are about 5,000 years old. The comb ceramic pottery found on the site dates to about 3000 BCE and corded ware pottery around 2500 BCE. Fortress was built in what is now central Tallinn, on the hill of Toompea. As an important port on a major trade route between Novgorod and western Europe, it became a target for the expansion of the Teutonic Order and the Kingdom of Denmark during the period of Northern Crusades in the beginning of the 13th century when Roman Catholic Christianity was forcibly imposed on the local population. The King Valdemar II of Denmark conquered Tallinn and northern Estonia in 1219. 
1033	Historic Centre of Vienna	Innere Stadt	1399183	https://en.wikipedia.org/wiki/Innere_Stadt	"The Innere Stadt (German pronunciation: [Àà…™n…ôr…ô Àà Étad] ; Viennese: Innare Stod; ""Inner City"") is the 1st municipal district of Vienna (German: 1. Bezirk) located in the center of the Austrian capital. The Innere Stadt is the old town of Vienna. Until the city boundaries were expanded in 1850, the Innere Stadt was congruent with the city of Vienna. Traditionally it was divided into four quarters, which were designated after important town gates: Stubenviertel (northeast), K√§rntner Viertel (southeast), Widmerviertel (southwest), Schottenviertel (northwest). The Ringstra√üe circles the Innere Stadt along the route of the former city walls. The first district is, with a workforce of 100,745, the largest employment locale in Vienna. This is partially due to tourism, as well as the presence of many corporate headquarters due to the district's central location. The origins of the Innere Stadt date back to a Celtic settlement and later Roman legionary camp of Vindobona and its canabae . Until the incorporation of the suburbs in 1850, Vienna's history was largely that of today‚Äôs 1st district. The Innere Stadt remained the political, economic, and spiritual centre of the city, home to Vienna City Hall , the Hofburg Palace , the official residence of the president , and St. Stephen's Cathedral , the cathedral of the Archdiocese of Vienna ."
379	Historic City of Toledo	Toledo, Spain	31360	https://en.wikipedia.org/wiki/Toledo,_Spain	"Toledo (UK: tol-AY-doh; Spanish: [toÀàle√∞o] ) is a city and municipality in Spain. It is the capital of the province of Toledo and the de jure seat of the government and parliament of the autonomous community of Castilla‚ÄìLa Mancha. Toledo is primarily located on the right (north) bank of the Tagus in central Iberia, nestled in a bend of the river. Built on a previous Carpetanian settlement, Toledo developed into an important Roman city of Hispania, later becoming the capital of the Visigothic Kingdom and seat of a powerful archdiocese. Often unsubmissive to Umayyad central rule during the Islamic period, Toledo nonetheless acquired a status as a major cultural centre promoting productive cultural exchanges between the Islamic world and Latin Christendom, which it retained after the collapse of the caliphate and the creation of the Taifa of Toledo in the early 11th century. Following the Christian conquest in 1085, Toledo continued to enjoy an important status within the Crown of Castile and remained open to Muslim and Jewish influences for the next two centuries. In the early modern period, the economy stayed afloat for a while after the loss of political power to Madrid thanks to the silk industry, but Toledo entered a true decline in the 1630s, in the context of overall economic recession. In the 21st century, population growth in the municipality has largely concentrated in the Santa Mar√≠a de Benquerencia (a.k.a. Pol√≠gono) district, a modern residential area detached from the historic centre located upstream on the left (south) bank of the Tagus. As of January 2024, the municipality had a population of 86,526. The municipality has an area of 232.1 km2 (89.6 sq mi). The city has a Gothic cathedral and a long history in the production of bladed weapons, which are now commonly sold as souvenirs. Toledo was declared a World Heritage Site by UNESCO in 1986 for its extensive monumental and cultural heritage. Roman era and late antiquity [ edit ] Toledo ( Latin : Toletum ) is described by the Roman historian Livy (ca. 59 BC ‚Äì 17 AD) as urbs parva, sed loco munita (""a small city, but fortified by location""). Roman general Marcus Fulvius Nobilior fought a battle near the city in 193 BC against a confederation of Celtic tribes, defeating them and capturing a king called Hilermus. &#91; 1 &#93; &#91; 2 &#93; At that time, Toletum was a city of the Carpetani tribe in the region of Carpetania . &#91; 3 &#93; It was incorporated into the Roman Empire as a civitas stipendiaria (a tributary city of non-citizens) and later as a municipium . &#91; 4 &#93; With this status, city officials obtained Roman citizenship for public service, and the forms of Roman law and politics were increasingly adopted. &#91; 5 &#93; At approximately this time, a Roman circus , city walls, public baths , and a municipal water supply and storage system were constructed in Toletum. &#91; 6 &#93; The Roman circus in Toledo was one of the largest in Hispania . The circus could hold up to 15,000 spectators. A fragmentary stone inscription records circus games paid for by a citizen of unknown name to"
688	Historic Monuments of Ancient Kyoto (Kyoto, Uji and Otsu Cities)	Historic Monuments of Ancient Kyoto (Kyoto, Uji and Otsu Cities)	15248529	https://en.wikipedia.org/wiki/Historic_Monuments_of_Ancient_Kyoto_(Kyoto,_Uji_and_Otsu_Cities)	Kyoto is one of the oldest municipalities in Japan, having been chosen in 794 as the new seat of Japan's imperial court by Emperor Kanmu. The original city, named Heian-ky≈ç, was arranged in accordance with traditional Chinese feng shui following the model of the ancient Chinese capitals of Chang'an and Luoyang. The emperors of Japan ruled from Kyoto in the following eleven centuries until 1869. It was the scene of several key events of the Muromachi period, Sengoku period, and the Boshin War, such as the ≈ånin War, the Honn≈ç-ji Incident, the Kinmon incident, and the Battle of Toba‚ÄìFushimi. The capital was relocated from Kyoto to Tokyo after the Meiji Restoration. The modern municipality of Kyoto was established in 1889. The city was spared from large-scale destruction during World War II and, as a result, its prewar cultural heritage has mostly been preserved. Ample archeological evidence suggests human settlement in the area of Kyoto began as early as the Paleolithic period,although not much published material is retained about human activity in the region before the 6th century, around which time the Shimogamo Shrine is believed to have been established. Before Kyoto became the imperial capital, immigrants from mainland Asia contributed to the development of the area. Kyoto is considered the cultural capital of Japan and is a major tourist destination. The Agency for Cultural Affairs of the national government is headquartered in the city. It is home to numerous Buddhist temples, Shinto shrines, palaces and gardens, some of which have been designated collectively as a World Heritage Site by UNESCO. Prominent landmarks include the Kyoto Imperial Palace, Kiyomizu-dera, Kinkaku-ji, Ginkaku-ji, and Kyoto Tower. The internationally renowned video game company Nintendo is based in Kyoto. Kyoto is also a center of higher learning in the country, and its institutions include Kyoto University, the second-oldest university in Japan.
274	Historic Sanctuary of Machu Picchu	Machu Picchu	80019	https://en.wikipedia.org/wiki/Machu_Picchu	"Machu Picchu is a 15th-century Inca citadel located in the Eastern Cordillera of southern Peru on a mountain ridge at 2,430 meters (7,970 ft). It is situated in the Machupicchu District of Urubamba Province about 80 kilometers (50 miles) northwest of Cusco, above the Sacred Valley and along the Urubamba River, which forms a deep canyon with a subtropical mountain climate. Often referred to as the ""Lost City of the Incas"", Machu Picchu is one of the most iconic symbols of the Inca civilization and a major archaeological site in the Americas. Built around 1450, it is believed to have served as an estate for the Inca emperor Pachacuti, though no contemporary written records exist to confirm this. The site was abandoned roughly a century later, likely during the Spanish conquest. Modern radiocarbon dating places its occupation between c. 1420 and 1530. Machu Picchu was constructed in the classical Inca style, featuring finely crafted dry-stone walls. Notable structures include the Temple of the Sun, the Temple of the Three Windows, and the Intihuatana ritual stone. Although the site was known locally and reached in the early 20th century by Peruvian explorer Agust√≠n Liz√°rraga, it was brought to international attention in 1911 by American historian Hiram Bingham III. The original Inca name of the site may have been Huayna Picchu, after the mountain on which part of the complex stands. Designated a National Historic Sanctuary by Peru in 1981 and a UNESCO World Heritage Site in 1983, Machu Picchu was also named one of the New Seven Wonders of the World in 2007. As of 2024, the site receives over 1.5 million visitors annually, making it Peru's most visited international tourist destination. History [ edit ] One of the first pictures of Machu Picchu, taken by Hiram Bingham III in 1912 after major clearing and before reconstruction work began The issue of Machu Picchu‚Äôs early chronology remains a matter of scholarly debate. Earlier chronological models, based mainly on John H. Rowe 's historical reconstruction of the reign of Pachacuti Inca Yupanqui, have placed the beginning of construction around 1450, 10 years after his takeover. &#91; 1 &#93; &#91; 2 &#93; &#91; 3 &#93; However, a 2021 study led by Richard L. Burger , professor of anthropology at Yale University ), reporting 26 AMS radiocarbon measurements from human remains concluded that Machu Picchu was occupied from around 1420 to 1530. &#91; 4 &#93; Similar conclusions supporting an earlier 15th-century chronology have been reported by other radiocarbon studies. &#91; 5 &#93; &#91; 6 &#93; Construction appears to date from two Sapa Incas , Pachacutec Inca Yupanqui (1438‚Äì1471) and T√∫pac Inca Yupanqui (1472‚Äì1493). &#91; 7 &#93; &#91; 8 &#93; A consensus among archaeologists is that Pachacutec ordered the construction of the royal estate after his conquest of the middle and lower Urubamba, this has been interpreted as part of a broader program of establishing royal estates along the Urubamba River. Machu Picchu‚Äôs palace complex is thought to have functioned as a seasonal royal retreat. Although Machu Picchu is considered to be a royal estate, it would not have been passed down in the line of succession . Rather it was used for 80 years before being abandoned, seemingly because of the Spanish conquests in other parts of the"
303	Iguazu National Park	Iguaz√∫ National Park	2432853	https://en.wikipedia.org/wiki/Iguaz%C3%BA_National_Park	"The Iguaz√∫ National Park (Spanish: Parque Nacional Iguaz√∫) is a national park of Argentina, located in the Iguaz√∫ Department, in the north of the province of Misiones, Argentine Mesopotamia. It has an area of 677 km2 (261 sq mi). History [ edit ] Aerial view of the Iguazu River . The area of the park was inhabited 10,000 years ago by the hunter-gatherers of the Eldoradense culture. They were displaced around 1,000 CE by the Guaran√≠ , who brought new agricultural technologies, and were displaced in turn by the Spanish and Portuguese conquistadores in the 16th century, though their legacy is still alive in this area (the name of the park and the river is Guaran√≠ y guasu , ""large water""). The first European to visit the zone was √Ålvar N√∫√±ez Cabeza de Vaca , in 1542; Jesuit missions followed in 1609. The park was created in 1934 to protect one of the greatest natural beauties of Argentina, the Iguazu Falls , surrounded by the subtropical jungle. The Iguaz√∫ National Reserve was defined by law 18.801 of 7 October 1970 as constituting the western part of the Iguaz√∫ National Park. &#91; 1 &#93; While the national park preserves nature with the least possible alteration, the reserve admits human activities and infrastructure. &#91; 2 &#93; Creation of the reserve allowed construction of an international airport and alienation of land for three tourist hotels. &#91; 3 &#93; Across the Iguazu River lies its Brazilian counterpart ( Igua√ßu National Park ). Both sites were declared World Heritage Sites by UNESCO , in 1984. &#91; 4 &#93; The park would be part of the proposed Trinational Biodiversity Corridor , which aims to provide forest connections between conservation units in Brazil, Paraguay and Argentina in the Upper Paran√° ecoregion.
527	Kyiv: Saint-Sophia Cathedral and Related Monastic Buildings, Kyiv-Pechersk Lavra	Kyiv Pechersk Lavra	478837	https://en.wikipedia.org/wiki/Kyiv_Pechersk_Lavra	"The Kyiv Pechersk Lavra or Kyievo-Pecherska Lavra (Ukrainian: –ö–∏—î–≤–æ-–ü–µ—á–µ—Ä—Å—å–∫–∞ –ª–∞–≤—Ä–∞), also known as the Kyiv Monastery of the Caves, is a historic lavra or large monastery of Eastern Christianity that gave its name to the Pecherskyi District where it is located in Kyiv. Since its foundation as the cave monastery in 1051, the Lavra has been a preeminent center of Eastern Christianity in Eastern Europe. History [ edit ] Foundation and early history [ edit ] The Primary Chronicle contains contradictory information as to when the monastery was founded: in 1051, or in 1074. &#91; 1 &#93; Anthony , a monk on Mount Athos , originally from Liubech of the Principality of Chernigov , returned to Rus' and settled in Kyiv as a missionary of monastic tradition to Kyivan Rus'. He chose a cave at the Berestov Mount that overlooked the Dnieper River and a community of disciples soon grew. Prince Iziaslav I of Kyiv (1024‚Äì1078) ceded the whole mount to the Anthonite monks who founded a monastery built by architects from Constantinople . &#91; citation needed &#93; In 1096 the monastery was plundered by the Cumans . Later it fell victim to the Mongolian invaders , and in 1416 was burned down by forces of Golden Horde ruler Edigey , being rebuilt only in 1470. &#91; 2 &#93; At the Kyiv Pechersk Lavra were buried some high-importance personalities from the period when Kyiv was a part of the Grand Duchy of Lithuania : Prince of Kyiv Vladimir Olgerdovich and his son Aleksandras Olelka , the Lithuanian and Ruthenian Grand Duke ≈†vitrigaila , Feodor Ostrogski , Uliana Olshanska (a second wife of the Lithuanian Grand Duke Vytautas the Great ), and the Lithuanian Grand Hetman Konstanty Ostrogski , known for commanding the Grand Ducal Lithuanian Army in the victorious Battle of Orsha (1514) versus the Grand Principality of Moscow Army. &#91; 3 &#93; Mayors of Kyiv , members of the szlachta and Cossack starshyna , as well as church hierarchs also found their burial place in the monastery. &#91; 2 &#93; Baroque era and Russian rule [ edit ] In the 17th century, under the leadership of archimandrites Eliseus Pletenetsky , Zacharias Kopystensky and Peter Mohyla , the monastery stood at the heart of Ukrainian national identity. Kyiv Caves Patericon , which was created by Lavra's monks and soon became a popular reading around the whole Eastern Europe , contributed to the emergence of the symbolic image of Kyiv as a capital of Eastern Orthodoxy . Lavra's printing house, established by Pletenetskyi in the 1620s, started the process of Kyiv's cultural revival, and the monastery's school, founded by Mohyla, introduced European educational trends of the time, leading to a radical reform of education. During the Baroque era Kyiv Pechersk Lavra flourished as a centre of arts and spirituality, and pilgrimage to Kyiv was seen by some as more preferable than visiting Jerusalem . &#91; 2 &#93; According to a legend published by polemicist and preacher Joannicius Galiatovsky &#160;&#91; uk &#93; , in 1630 the monastery was besieged by a Polish army, but the Holy Mother of God protected its monks by turning a ""fiery rain"" against the invaders. &#91; 4 &#93; Despite the patronage of powerful figures, including Ivan Mazepa and Raphael Zaborovsky , the Annexation of the Metropolis of Kyiv by the Moscow Patriarchate in"
811	Old Town of Lijiang	Old Town of Lijiang	17155510	https://en.wikipedia.org/wiki/Old_Town_of_Lijiang	"Dayan (Chinese: Â§ßÁ†î), commonly called the Old Town of Lijiang (simplified Chinese: ‰∏ΩÊ±üÂè§Âüé; traditional Chinese: È∫óÊ±üÂè§Âüé) is the historical center of Lijiang City, in Yunnan, China. It is a UNESCO World Heritage Site. History [ edit ] .mw-parser-output .hatnote{font-style:italic}.mw-parser-output div.hatnote{padding-left:1.6em;margin-bottom:0.5em}.mw-parser-output .hatnote i{font-style:normal}.mw-parser-output .hatnote+link+.hatnote{margin-top:-0.5em}@media print{body.ns-0 .mw-parser-output .hatnote{display:none!important}} Further information: Chiefdom of Lijiang Shops along the street with Jade Dragon Snow Mountain in the background The town has a history going back more than 1,000 years and was once a confluence for trade along the ""Old Tea Horse Caravan Trail"". The Dayan Old town is famous for its orderly system of waterways and bridges, a system fast becoming but a memory as the underground water table drops, probably due to over-building in the suburban areas. Lijiang's culture combines traditional Nakhi culture and incongruous elements learned from Ming dynasty Han Chinese traders who settled in the region centuries ago. Nakhi people have kept alive a timber and mud brick housing style which they learned from Nanjing traders. Local carpenters still build elaborately constructed timber house frames from memory without blueprints or other diagrams. These houses are often enhanced by detailed flower and bird carvings on the windows. The carvings are now made by ethnic Bai artisans, but attention is given to depicting the flora and fauna of the four seasons in the traditional Han Chinese manner. Even impoverished farming families gather their resources to install carved windows, and seem to consider them more important than furniture for the house. The window panels are available for sale to tourists. The Nakhi people learned Chinese classical music from the visitors from Nanjing during the Ming Dynasty and continue to play that music even to this day, long after the art died out in other parts of China. The old musicians have been organized for regular performances in Dayan Old Town and less regular performances in the outlying villages. Side by side with this well preserved evidence of Han culture resides Nakhi local culture, and this can be seen in the old town and on many street corners even today in the form of circle dances, attended by young and old from the local neighborhoods. The Dayan Old Town circle dances are led by Hakhi women in local Nakhi costume. Circle dancing in costume is also a custom of the Tibetan people to the north of Lijiang and of the Bai people to the south. Previously there were substantial Tibetan and Bai settlements in Dayan Old Town but most of these people have been resettled to districts away from the tourist areas. Tibetan circle dancing can be seen occasionally in Dayan Old Town and more regularly in private gardens and Nongjiale (ÂÜúÂÆ∂‰πê) gatherings of local Tibetans. Both Nakhi and Tibetan circle dancing are practiced outside of the town's Tibetan temples Wenfeng Si (ÊñáÂ≥∞ÂØ∫) on Wenbifeng (ÊñáÁ¨îÂ≥∞) Mountain, Zhiyun Si (Êåá‰∫ëÂØ∫) near Lashi Hai Lake (ÊãâÂ∏ÇÊµ∑), and Fuguo Si (ÂØåÂõΩÂØ∫) on Jade Dragon Mountain (ÁéâÈæôÈõ™Â±±), especially on temple festival days. Greater Lijiang (including Dayan, and two villages to the north, called Baisha (ÁôΩÊ≤ô) and Shuhe (ÊùüÊ≤≥) respectively) was registered on the UNESCO World Heritage List on December 4, 1997. &#91; 1 &#93; Since then, the local government has taken more responsibility for the development and protection of the old city. Lijiang's tourism increased over the past twenty years, and travelers from around the"
326	Petra	Petra	45008	https://en.wikipedia.org/wiki/Petra	"Petra (Arabic: Ÿ±ŸÑŸíÿ®Ÿéÿ™Ÿíÿ±ÿßÿ°‚Äé, romanized: Al-BatrƒÅ æ; Ancient Greek: Œ†Œ≠œÑœÅŒ±, lit. 'Rock'), originally known to its inhabitants as Raqmu (Nabataean Aramaic: ê¢õê¢öê¢í‚Äé or ê¢õê¢öê¢ìê¢à‚Äé, *Raqƒìm≈ç), is an ancient city and archaeological site in southern Jordan. Famous for its rock-cut architecture and water conduit systems, Petra is also called the ""Rose City"" because of the colour of the sandstone from which it is carved. The city is one of the New 7 Wonders of the World and a UNESCO World Heritage Site. The area around Petra has been inhabited from as early as 7000 BC, and was settled by the Nabataeans, a nomadic Arab people, in the 4th century BC. Petra would later become the capital city of the Nabataean Kingdom in the second century BC. The Nabataeans invested in Petra's proximity to the incense trade routes by establishing it as a major regional trading hub, which gained them considerable revenue. Unlike their enemies, the Nabataeans were accustomed to living in the barren deserts and thus were able to defend their kingdom. They were particularly skillful in agriculture, stone carving, and rainwater harvesting. Petra flourished in the 1st century AD, when its Al-Khazneh structure, possibly the mausoleum of Nabataean king Aretas IV, was constructed, and its population peaked at an estimated 20,000 inhabitants. Nabataea fell to the Romans in 106 AD, who annexed and renamed it Arabia Petraea. Petra's importance declined as sea trade routes emerged, and after an earthquake in 363 destroyed many structures. In the Byzantine era, several Christian churches were built, but the city continued to decline and, by the early Islamic era, it was abandoned except for a handful of nomads. It remained unknown to the western world until 1812, when Swiss traveller Johann Ludwig Burckhardt rediscovered it. UNESCO has described Petra as ""one of the most precious cultural properties of man's cultural heritage"". Petra is a symbol of Jordan, as well as Jordan's most-visited tourist attraction. Visitor numbers reach close to a million tourists every year. History [ edit ] Neolithic [ edit ] Cliffs near Petra, View over Wadi Arabah By 7000 BC, some of the earliest recorded farmers had settled in Beidha , a Pre-Pottery Neolithic settlement just north of Petra. &#91; 1 &#93; Bronze Age [ edit ] Petra is listed in Egyptian campaign accounts and the Amarna letters as Pel , Sela , or Seir . &#91; 2 &#93; Iron Age Edom [ edit ] The Iron Age lasted between 1200 and 600 BC; in that time, the Petra area was occupied by the Edomites . The configuration of mountains in Petra allowed for a reservoir of water for the Edomites. This made Petra a stopping point for merchants , making it an outstanding area for trade. Some wares that were traded included wines, olive oil, and wood. Initially, the Edomites were accompanied by Nomads who eventually left, but the Edomites stayed and made their mark on Petra before the emergence of the Nabataens. It is said that 10,000 men were thrown off of the mountain Umm el-Biyara, but this story has been debated by scholars. &#91; 3 &#93; The Edomite site excavated at the top of the Umm el-Biyara mountain at Petra was established no earlier than the seventh century BC (Iron II). &#91; 4 &#93; Emergence of Petra [ edit ] The Nabataeans were one among several nomadic"
603	Samarkand ‚Äì Crossroad of Cultures	Samarkand	51491	https://en.wikipedia.org/wiki/Samarkand	"Samarkand is a city in southeastern Uzbekistan and among the oldest continuously inhabited cities in Central Asia. Samarkand is the capital of the Samarkand Region and a district-level city, that includes the urban-type settlements Kimyogarlar, Farhod and Khishrav. With 551,700 inhabitants (2021), it is the third-largest city in Uzbekistan. There is evidence of human activity in the area of the city dating from the late Paleolithic Era. Though there is no direct evidence of when Samarkand was founded, several theories propose that it was founded between the 8th and 7th centuries BC. Prospering from its location on the Silk Road between China, Persia and Europe, at times Samarkand was one of the largest cities in Central Asia, By the time of the Persian Achaemenid Empire, it was the capital of the Sogdian satrapy. The city was conquered by Alexander the Great in 329 BC, when it was known as Markanda, which was rendered in Greek as ŒúŒ±œÅŒ¨Œ∫Œ±ŒΩŒ¥Œ±. The city was ruled by a succession of Iranian and Turkic rulers until it was conquered by the Mongols under Genghis Khan in 1220. Since the 11th century, the city has been under Turkic/Uzbek political control, but the city‚Äôs culture and dominant language has always been Persian. The city is noted as a centre of Islamic scholarly study and the birthplace of the Timurid Renaissance. In the 14th century, Timur made it the capital of his empire and the site of his mausoleum, the Gur-e Amir. The Bibi-Khanym Mosque, rebuilt during the Soviet era, remains one of the city's most notable landmarks. Samarkand's Registan square was the city's ancient centre and is bounded by three monumental religious buildings. The city has carefully preserved the traditions of ancient crafts: embroidery, goldwork, silk weaving, copper engraving, ceramics, wood carving, and wood painting. In 2001, UNESCO added the city to its World Heritage List as Samarkand ‚Äì Crossroads of Cultures. Modern Samarkand is divided into two parts: the old city, which includes historical monuments, shops, and old private houses; and the new city, which was developed during the days of the Russian Empire and Soviet Union and includes administrative buildings along with cultural centres and educational institutions. On 15 and 16 September 2022, the city hosted the 2022 SCO summit. Samarkand has a multicultural and plurilingual history that was significantly modified by the process of national delimitation in Central Asia. Small group of inhabitants of the city are bilingual speakers of the Tajik language, whereas Uzbek is the official language and Russian is also widely used in the public sphere, as per Uzbekistan's language policy. 
880	Summer Palace, an Imperial Garden in Beijing	Summer Palace	252070	https://en.wikipedia.org/wiki/Summer_Palace	"The Summer Palace or Yihe Garden (simplified Chinese: È¢êÂíåÂõ≠; traditional Chinese: È†§ÂíåÂúí; pinyin: Y√≠h√©yu√°n) was built by the Chinese Empress Cixi as a pavilion for quiet retreat. It is a vast ensemble of lakes, gardens and palaces in Beijing. An imperial garden during the Qing dynasty, it includes Longevity Hill (‰∏áÂØøÂ±±; Ëê¨Â£ΩÂ±±; W√†nsh√≤u ShƒÅn), Kunming Lake, and Seventeen Hole Bridge. It covers an expanse of 2.9 square kilometres (1.1 sq mi), three-quarters of which is water. Longevity Hill is about 60 metres (200 ft) high and has many buildings positioned in sequence. The front hill is the site of splendid halls and pavilions, while the back hill, in sharp contrast, is quiet with natural beauty. The central Kunming Lake, covering 2.2 square kilometres (540 acres), was entirely man-made and the excavated soil was used to build Longevity Hill. The Summer Palace, which is inspired by the gardens of South China, contains over 3,000 Chinese ancient buildings that house a collection of over 40,000 valuable historical relics from various dynasties. In December 1998, UNESCO included the Summer Palace on its World Heritage List. It declared the Summer Palace ""a masterpiece of Chinese landscape garden design. The natural landscape of hills and open water is combined with artificial features such as pavilions, halls, palaces, temples and bridges to form a harmonious ensemble of outstanding aesthetic value"". Notably in Chinese history, it is also the Central Route terminus of the South-North Water Transfer Project having traversed 1,267 km (787 mi) from Danjiangkou Reservoir, Hubei, making it Beijing's main water supply.  The origins of the Summer Palace date back to the Jurchen -led Jin dynasty . In 1153, when the fourth ruler, Wanyan Liang (r. 1150‚Äì1161), moved the Jin capital from Huining Prefecture (in present-day Acheng District , Harbin , Heilongjiang ) to Yanjing (present-day Beijing ), he ordered the construction of a palace in the Fragrant Hills and Jade Spring Hill in what is now the northwest of Beijing. Around 1271, after the Yuan dynasty established its capital in Khanbaliq (present-day Beijing ), the engineer Guo Shoujing initiated a waterworks project to direct the water from Shenshan Spring (Á•ûÂ±±Ê≥â) in Baifu Village (ÁôΩÊµÆÊùë), Changping into the Western Lake (Ë•øÊπñ), which would later become Kunming Lake. Guo aimed to create a water reservoir that would ensure a stable water supply for the palace. In 1494, the Hongzhi Emperor (r. 1487‚Äì1505) of the Ming dynasty had a Yuanjing Temple (ÂúìÈùúÂØ∫) built for his wet nurse , Lady Luo, in front of Jar Hill (ÁìÆÂ±±), which was later renamed Longevity Hill. The temple fell into disrepair over the years"
492	Taos Pueblo	Taos Pueblo	53715	https://en.wikipedia.org/wiki/Taos_Pueblo	Taos Pueblo (or Pueblo de Taos) is an ancient pueblo belonging to a Taos-speaking (Tiwa) Native American tribe of Puebloan people. It lies about 1 mile (1.6 km) north of the modern city of Taos, New Mexico. The pueblos are the oldest continuously inhabited communities in the United States. Taos Pueblo has been designated a UNESCO World Heritage Site. Taos Pueblo is a member of the Eight Northern Pueblos. A tribal land of 95,000 acres (38,000 ha) is attached to the pueblo, and about 4,500 people live in this area. History [ edit ] Pre-Columbian [ edit ] It is most likely that the Taos Indigenous people, along with other Pueblo Indigenous people, settled along the Rio Grande after migrating south from the Four Corners region. &#91; 1 &#93; The dwellings of that region were inhabited by the Ancestral Puebloans . A long drought in the area in the late 13th century may have caused them to move to the Rio Grande, where the water supply was more dependable. However, their reason for migrating is still disputed and there is evidence that a violent struggle took place. Ultimately, archeological clues point to the idea that the Natives may have been forced to leave. &#91; citation needed &#93; Throughout its early years, Taos Pueblo was a central point of trade between the native populations along the Rio Grande and their Plains Tribes neighbors to the northeast. Taos Pueblo hosted a trade fair each fall after the agricultural harvest. &#91; 2 &#93; Post-contact [ edit ] Spanish conquistadors first arrived at Taos Pueblo in 1540; they were members of the Francisco V√°squez de Coronado expedition, which stopped at many of New Mexico's pueblos in search of the rumored Seven Cities of Gold . Around 1620, Spanish Jesuits oversaw construction of the first Catholic Church in the pueblo, the mission of San Geronimo de Taos . &#91; 3 &#93; Reports from the period indicate that the native people of Taos resisted the building of the church and forceful imposition of the Catholic religion. &#91; 4 &#93; Throughout the 1600s, cultural tensions grew between the native populations of the Southwest and the increasing Spanish colonial presence. Taos Pueblo was no exception. By 1660, the native people killed the resident priest and destroyed the church. &#91; 5 &#93; The Spanish replied brutally. Several years after it was rebuilt, the Pueblo Revolt of 1680 began. &#91; 4 &#93; The Catholic church in Taos Pueblo still stands today. US control and 1847 revolt [ edit ] .mw-parser-output .hatnote{font-style:italic}.mw-parser-output div.hatnote{padding-left:1.6em;margin-bottom:0.5em}.mw-parser-output .hatnote i{font-style:normal}.mw-parser-output .hatnote+link+.hatnote{margin-top:-0.5em}@media print{body.ns-0 .mw-parser-output .hatnote{display:none!important}} Main article: Taos Revolt During the Mexican-American War , New Mexico came under United States control after the Battle of Santa Fe in August 1846. Charles Bent was appointed as the American territorial governor. Many of the Taos Pueblo people and Hispanos feared that the new American regime would dispossess them of their land, especially since Bent had been involved in land-grant speculation schemes under the Mexican regime. &#91; 6 &#93; &#91; 7 &#93; On January 19, 1847, Hispanos and Taos Pueblo people launched a rebellion against the US territorial government. Tom√°s Romero led a group of Taos Puebloans to Charles Bent's house in the town of Taos. The governor was shot with arrows, scalped , and killed. &#91; 8 &#93; Bronze plaque, Taos Pueblo, New Mexico Following
119	Timbuktu	Timbuktu	254061	https://en.wikipedia.org/wiki/Timbuktu	Timbuktu ( TIM-buk-TOO; French: Tombouctou; Koyra Chiini: Tunbutu; Tuareg: ‚µú‚µè‚µÄ‚µó‚µú, romanized: Tin Bukt) is an ancient city in Mali, situated 20 kilometres (12 miles) north of the Niger River. It is the capital of the Tombouctou Region, one of the eight administrative regions of Mali, having a population of 32,460 in the 2018 census. Archaeological evidence suggests prehistoric settlements in the region, predating the city's Islamic scholarly and trade prominence in the medieval period. Timbuktu began as a seasonal settlement and became permanent early in the 12th century. After a shift in trading routes, particularly after the visit by Mansa Musa around 1325, Timbuktu flourished, due to its strategic location, from the trade in salt, gold, and ivory. It gradually expanded as an important Islamic city on the Saharan trade route and attracted many scholars and traders before it became part of the Mali Empire early in the 14th century. In the first half of the 15th century, the Tuareg people took control for a short period, until the expanding Songhai Empire absorbed it in 1468. A Moroccan army defeated the Songhai in 1591 and made Timbuktu their capital. The invaders established a new ruling class, the Arma, who after 1612 became virtually independent of Morocco. In its golden age, the town's Islamic scholars and extensive trade network supported an important book trade. Together with the campuses of the Sankor√© Madrasah, an Islamic university, this established Timbuktu as a scholarly centre in Africa. Notable historic writers, such as Shabeni and Leo Africanus, wrote about the city. These stories fuelled speculation in Europe, where the city's reputation shifted from being rich to mysterious. The city's golden age as a major learning and cultural centre of the Mali Empire was followed by a long period of decline. Different tribes governed until the French took over Mali in 1893. The colonial regime lasted until the country became the Republic of Mali in 1960. In recent history, Timbuktu has faced threats from extremist groups leading to the destruction of cultural sites; efforts by local and international communities have aimed to preserve its heritage. The city's population has declined as a result of the recent issues. Timbuktu has acquired a reputation in the Western world as an exotic, mysterious place, but the city was once a well known trade center and an academic hotspot of the medieval world. Timbuktu reached its golden period under the Mali Empire in the 13th and 14th centuries. Distinguished Malian Mansa M≈´sƒÅ brought great fame to the city by recruiting scholars from throughout the Islamic world to travel there, establishing it as a center of learning. The scholars focused not only on Islamic studies, but also history, rhetoric, law, science, and, most notably, medicine. Mansa M≈´sƒÅ also introduced Timbuktu, and the Mali Empire in general, to the rest of the medieval world through his Hajj, as his time in Mecca would soon inspire Arab travelers to visit North Africa. Europeans, however, would not reach the city until much later, due to the difficult and lengthy journey, thus garnering the city an aura of mystery. Timbuktu primarily gained its wealth from local gold and salt mining, in addition to the trans-Saharan slave trade. Gold was a highly valued commodity
447	Uluru-Kata Tjuta National Park	Ulu·πüu-Kata Tju·πØa National Park	101659	https://en.wikipedia.org/wiki/Ulu%E1%B9%9Fu-Kata_Tju%E1%B9%AFa_National_Park	"Ulu·πüu-Kata Tju·πØa National Park is a protected area in the Northern Territory of Australia. The park is home to both Uluru and Kata Tjuta. It is located 1,943 kilometres (1,207 mi) south of Darwin by road and 440 kilometres (270 mi) south-west of Alice Springs along the Stuart and Lasseter Highways. The park covers 1,326 square kilometres (512 sq mi) and includes the features it is named after: Uluru and, 40 kilometres (25 mi) to its west, Kata Tjuta. The location is listed as a UNESCO World Heritage Site for natural and cultural landscape. History [ edit ] Uluru and Kata Tjuta were formed about 350 million years ago during the Alice Springs Orogeny . The Anangu have connected to the area for thousands of years and some records suggested that they may have lived there for more than 10,000 years. Europeans came to the western desert area of Australia in the 1870s. Uluru and Kata Tjuta were first mapped by Europeans during the expeditionary period made possible by the construction of the Overland Telegraph Line in 1872. In separate expeditions, William Ernest Powell Giles and William Christie Gosse were the first European explorers to this area. In 1872 while exploring the area, Ernest Giles sighted Kata Tjuta from near Kings Canyon and called it Mount Olga , while the following year Gosse saw Uluru and named it Ayers Rock after Sir Henry Ayers, the Chief Secretary of South Australia . &#91; 1 &#93; Further explorations followed with the aim of establishing the possibilities of the area for pastoralism. In the late 19th century, pastoralists attempted to re-establish themselves in areas adjoining the South-Western/Petermann Reserve and interaction between Anangu and white people became more frequent and more violent. Due to the effects of grazing and droughts, bush food stores were depleted. Competition for these resources created conflict between pastoralists and Anangu. As a result, police patrols became more frequent. Aboriginal rock art at Uluru Between 1918 and 1921 large adjoining areas of South Australia , Western Australia and the Northern Territory were declared as Aboriginal reserves , as sanctuaries for a nomadic people who had virtually no contact with white people. In 1920, part of Uluru-Kata Tjuta National Park was declared an Aboriginal Reserve (commonly known as the South-Western or Petermann Reserve) by the Australian Government under the Aboriginals Ordinance 1918 . During the Depression in the 1930s, the Anangu became involved in dingo scalping with ""doggers"" who introduced Anangu to European foods and ways. The first tourists visited the Uluru area in 1936. From the 1940s the two main reasons for permanent and substantial European settlement in the area were Aboriginal welfare policy and the promotion of tourism at Uluru. &#91; 2 &#93; In 1948 the first vehicular track to Uluru was constructed, responding to increasing tourism interest in the region. Tour bus services began in the early 1950s. &#91; 2 &#93; The Ayers Rock National Park was recognised in 1950, and in the same year an Alice Springs resident Len Tuit accompanied a group of schoolboys on a trip to Uluru. He recognised the enormous tourism potential of the rock and began offering regular tours in 1955, with guests camping in tents and drinking water carted in from Curtin Springs. Kata Tjuta was added to the national park"
394	Venice and its Lagoon	Venice	32616	https://en.wikipedia.org/wiki/Venice	"Venice is a city in northeastern Italy and the capital of the region of Veneto. It is built on a group of 126 islands that are separated by expanses of open water and by canals; portions of the city are linked by 472 bridges. The islands are in the shallow Venetian Lagoon, an enclosed bay lying between the mouths of the Po and the Piave rivers (more exactly between the Brenta and the Sile). As of 2025, the city proper (comune of Venice) has 249,466 inhabitants, nearly 50,000 of whom live in the historical island city of Venice (centro storico), while most of the population resides on the mainland (terraferma), and about 25,000 live on other islands in the lagoon (estuario). Together with the cities of Padua and Treviso, Venice is included in the Padua-Treviso-Venice Metropolitan Area (PATREVE), which is considered a statistical metropolitan area, with a total population of 2.6 million. The name is derived from the ancient Veneti people who inhabited the region by the 10th century BC. The city was the capital of the Republic of Venice for almost a millennium, from 810 to 1797. It was a major financial and maritime power during the Middle Ages and Renaissance, and a staging area for the Crusades and the Battle of Lepanto, as well as an important centre of commerce‚Äîespecially silk, grain, and spice, and of art from the 13th century to the end of the 17th. The then-city-state is considered to have been the first real international financial centre, emerging in the 9th century and reaching its greatest prominence in the 14th century. This made Venice a wealthy city throughout most of its history. For centuries, Venice possessed numerous territories along the Adriatic Sea and within the Italian peninsula, leaving a significant impact on the architecture and culture that can still be seen today. The Venetian Arsenal is considered by several historians to be the first factory in history and was the base of Venice's naval power. The sovereignty of Venice came to an end in 1797, at the hands of Napoleon. Subsequently, in 1866, the city became part of the Kingdom of Italy. Venice has been known as ""La Dominante"" (""The Dominant"" or ""The Ruler""), ""La Serenissima"" (""The Most Serene""), ""Queen of the Adriatic"", ""City of Water"", ""City of Masks"", ""City of Bridges"", ""The Floating City"", and ""City of Canals"". The lagoon and the city within the lagoon were inscribed as a UNESCO World Heritage Site in 1987, covering an area of 70,176.4 hectares (173,410 acres). Venice is known for several important artistic movements ‚Äì especially during the Italian Renaissance ‚Äì and has played an important role in the history of instrumental and operatic music; it is the birthplace of Baroque music composers Tomaso Albinoni and Antonio Vivaldi. In the 21st century, Venice remains a very popular tourist destination and a major cultural centre, and has often been ranked one of the most beautiful cities in the world. It has been described by The Times as one of Europe's most romantic cities and by The New York Times as ""undoubtedly the most beautiful city built by man"". However, the city faces challenges, including overtourism, pollution, tide peaks, and cruise ships sailing too close to buildings. Because Venice and its lagoon are under constant threat, Venice's UNESCO listing has been under constant examination."
